mysql> desc users;
+----------+--------------+------+-----+---------+----------------+
| Field    | Type         | Null | Key | Default | Extra          |
+----------+--------------+------+-----+---------+----------------+
| user_id  | bigint       | NO   | PRI | NULL    | auto_increment |
| password | varchar(255) | YES  |     | NULL    |                |
| username | varchar(255) | YES  |     | NULL    |                |
+----------+--------------+------+-----+---------+----------------+
3 rows in set (0.41 sec)

mysql> desc roles;
+---------+--------------+------+-----+---------+----------------+
| Field   | Type         | Null | Key | Default | Extra          |
+---------+--------------+------+-----+---------+----------------+
| role_id | int          | NO   | PRI | NULL    | auto_increment |
| name    | varchar(255) | YES  |     | NULL    |                |
+---------+--------------+------+-----+---------+----------------+
2 rows in set (0.00 sec)

mysql> desc users_roles;
+---------+--------+------+-----+---------+-------+
| Field   | Type   | Null | Key | Default | Extra |
+---------+--------+------+-----+---------+-------+
| user_id | bigint | NO   | MUL | NULL    |       |
| role_id | int    | NO   | MUL | NULL    |       |
+---------+--------+------+-----+---------+-------+
2 rows in set (0.09 sec)


mysql> select * from users;
+---------+------------+----------+
| user_id | password   | username |
+---------+------------+----------+
|       1 | Mahesh@123 | Mahesh   |
|       2 | Kanika@123 | Kanika   |
|       3 | Monica@123 | Monica   |
+---------+------------+----------+
3 rows in set (0.14 sec)

mysql> select * from roles;
+---------+-------+
| role_id | name  |
+---------+-------+
|       1 | ADMIN |
|       2 | USER  |
|       3 | GUEST |
+---------+-------+
3 rows in set (0.00 sec)

mysql> select * from users_roles;
+---------+---------+
| user_id | role_id |
+---------+---------+
|       1 |       1 |
|       2 |       2 |
|       3 |       3 |
+---------+---------+
3 rows in set (0.00 sec)